id,user_name,password,profile_pic_url
1,jhurdis0,37f2fa7e8867aa2ad6e24b78ee066eea10bf1898c446c35b1692c5a957b62bbf,https://robohash.org/odiototamdolorem.bmp?size=50x50&set=set1
2,perington1,1a9b85b9558e6f5f2e8871a294b4d7c0886841d2a7e355ff6dce54c70d321501,https://robohash.org/quisnecessitatibusimpedit.bmp?size=50x50&set=set1
3,cdooley2,97d201cf4a4977f5bb6aa6773e9ecdb5d7d1180941e19d0f183a549c2e2b9e2b,https://robohash.org/undevitaereiciendis.jpg?size=50x50&set=set1
4,mgribbon3,827dc6859fb9638559db9b15429dff900e80fdc298641f096a954480c720cbdd,https://robohash.org/nesciuntutsit.png?size=50x50&set=set1
5,gjerrolt4,0e3621263c24b3c3a12886a84f157ff371a09b0bed5beae9e130c1199b54a9a0,https://robohash.org/remvoluptasomnis.bmp?size=50x50&set=set1
6,gworlock5,06091b8e87d4af5148d9d8ca5b6b43e2771df1afb4d80f491665b5320cc94f5e,https://robohash.org/commodisequitenetur.bmp?size=50x50&set=set1
7,dborgne6,1dea0263ae499622ca5ff4b8456de3f9fcf4ac02ee0286c4fadf28b71536149a,https://robohash.org/asperioresiustolibero.jpg?size=50x50&set=set1
8,rcoalburn7,41f4c9004987f21298b317043ac4ef56af2d95a54b4e35ad056a1d7f2fb4be91,https://robohash.org/omnisvoluptatemsunt.png?size=50x50&set=set1
9,jhillock8,6e3466f0bc018c5dbdb31edd9ae26976cdfdfea116f95b208769c38e7b1197f5,https://robohash.org/eiusinventoreeum.bmp?size=50x50&set=set1
10,eizhaky9,8438902a8517bc0de035516f562bc741250a56b695b9ba990aa956893ee3cfce,https://robohash.org/fugitminimanumquam.bmp?size=50x50&set=set1
11,pmoohana,cee0e0fc096a1a2c618053b65eb1548c64ab0df43e3b6fa3a716c15cc69b3682,https://robohash.org/quaeratetsequi.bmp?size=50x50&set=set1
12,bchristmasb,5ba8d90240b0c3a660c0e5813c86f9498a912e54903b4339e5ab7a5caa55b35e,https://robohash.org/eaimpeditdolorum.png?size=50x50&set=set1
13,mwhittlesc,2b1f920f9b5a86a0333fa4f07d65a8df6d45b117d0ac678d50bb9e6b321f44ba,https://robohash.org/nostrumrecusandaevoluptatem.png?size=50x50&set=set1
14,hburdittd,481dadfcabbd87af0e063eb374b394d0bbbdd18fe03fa6cd5296595685bf4d40,https://robohash.org/auteosexpedita.bmp?size=50x50&set=set1
15,ssewarde,020940e31f7d6f39ab5a05ad72ad651566dc64a0a8e8c81b4e5e2d39116c74ef,https://robohash.org/etmolestiasautem.jpg?size=50x50&set=set1
16,orushforthf,e365524e8938364325ae38dc8c23bb53d431df21b1b6c87429d2c20832d82976,https://robohash.org/voluptatemsolutaest.bmp?size=50x50&set=set1
17,jpearseg,9fb76222ee70a764227911ab7ae2a8dd35ce810bbd07d0aef17f471bc3c34713,https://robohash.org/laborumipsaaccusamus.bmp?size=50x50&set=set1
18,awhitfeldh,ce233cbb9e90da75c8a7d3a708eddfafa5ea0296bbd78a86b44c4821a79e38ff,https://robohash.org/minimaquiareprehenderit.png?size=50x50&set=set1
19,mklimowskii,f5c42de79b63b5573bf2b56aea9f47cd6f69bffd8a261f23343a2dc78a52db12,https://robohash.org/illomodiqui.png?size=50x50&set=set1
20,rbodicumj,e72bc79e92fdf8808fd15019fd97fa0282d132fef05694bd65eb69248c7c8d08,https://robohash.org/doloribusdelenitiomnis.jpg?size=50x50&set=set1
21,npecholdk,c65f9d8e5a6229d344535b9cc92bf17577892d4309ce9155eb8204b147e75693,https://robohash.org/velittotamut.bmp?size=50x50&set=set1
22,fhuckabel,cbe41e54c7b535a2b89c4375f8d99e069bb08a42d2cde8286a0f93dc819a7ac5,https://robohash.org/laboriosamdictaaperiam.bmp?size=50x50&set=set1
23,ccuttsm,dc3a614555bb242497bdeb55b98ad85a84a5e378d401e0e29f2c2e862b2d7502,https://robohash.org/quidemaspernaturadipisci.png?size=50x50&set=set1
24,jschettinin,e1d44c527305706aa4f2b2c5a43d9ed86c31c73ed73eca98cc924954a91e3e23,https://robohash.org/occaecatimagnivelit.png?size=50x50&set=set1
25,kbraveo,3930ad9aa231867b1059158e8648585946dac77f62904aa87856345eb2c0bf66,https://robohash.org/omnisomnistempore.png?size=50x50&set=set1
26,jalawayp,55fb2900a564e3ec342f0b70f909881e7f68936147141cb8d4bb2b6d60cca637,https://robohash.org/accusantiumetvero.bmp?size=50x50&set=set1
27,hgarhamq,6075d1b936b93ddf4853d2f05e6d2a63274ed27beffd73c81d8907dc10ff2758,https://robohash.org/aliquidinvoluptatem.jpg?size=50x50&set=set1
28,dcurseyr,5b2b919517193191f6da9798dbd5dbd5406d6babaec2907d59706031869d7470,https://robohash.org/nonsedsint.bmp?size=50x50&set=set1
29,flarkingss,c416c9384b273ef83388dc3a6a7f1106be788632b91dbc595306035dbd4e49d2,https://robohash.org/quoillodolores.bmp?size=50x50&set=set1
30,arebichont,75e4a3bca5ead5092564b72daea92f5364abdaf8eafe8c34a9bdd5bd2ebc81ab,https://robohash.org/fugaetut.png?size=50x50&set=set1
31,owinterburnu,44ba7eea3a15e7a3f825b509ece9bfa2e93448dc0f83bc64d1c5c33aaf4f9ae8,https://robohash.org/sitvoluptateest.jpg?size=50x50&set=set1
32,lhincev,34ef781149c6d8dc78672e77718c9e9df0de0f7451b24921a03fec70215390a8,https://robohash.org/quaslaudantiumfacere.bmp?size=50x50&set=set1
33,agarleew,550de0bc80e9674671db36f54f766ace910f26598ad5225f056b09503b483fe5,https://robohash.org/ducimusvoluptateset.png?size=50x50&set=set1
34,zgoldesx,be47568f44725dbd2b3f81deb9ffb7087e9810c1097002ef5618919e15834748,https://robohash.org/culpaabitaque.jpg?size=50x50&set=set1
35,kfessbyy,7a651715da5fb8c7a7cb00be370b3b192d5adc9d9ef4b6657867f4afcda2322d,https://robohash.org/voluptatesipsamoptio.png?size=50x50&set=set1
36,dspensz,0d94586560126cd0fba9d5313f50f80845a83d6200f2736eb49855ff8c130d43,https://robohash.org/ametminustemporibus.png?size=50x50&set=set1
37,lbrunning10,fe0918a423090be92e5a6891884bce6154f9c42028bc2154a537d372d89f6008,https://robohash.org/errorfugitvel.bmp?size=50x50&set=set1
38,gbeadman11,b218b6fe550c380cc9257b712d08f78cff4df776daebbc89940f5c5e811a6456,https://robohash.org/deseruntearumid.png?size=50x50&set=set1
39,emilch12,22c105ede44faba240d5acdb5641f626f87767c08edbfb9a3d5bcb96cf217fb0,https://robohash.org/quiquibusdamvoluptatum.jpg?size=50x50&set=set1
40,jkimblen13,25585e07dfa93021e0cfec99dd458e462ea15adc5d8facd3424b1f6bea1de041,https://robohash.org/dolorumfugaquod.jpg?size=50x50&set=set1
41,jpleager14,dc941516f231013bf9c83b71d60b0045418cc779cf70536b3173ab471edbf11d,https://robohash.org/distinctiovelitaccusantium.png?size=50x50&set=set1
42,jhelliar15,35b2c0c4089c81928f2ae58ac9989496092a0b93465f05627b94e2d359d1cd95,https://robohash.org/aliquidperferendissequi.bmp?size=50x50&set=set1
43,rlavalde16,1dc6405f947b49c9ac6592d876cd4fb8fc9e94560f420d26d2e3d4eecabdcf5e,https://robohash.org/laudantiumnequevoluptatem.png?size=50x50&set=set1
44,kminero17,42a7efde410a555218e23999953d10d9c697101ebdb4bd271006a205b1c635cb,https://robohash.org/doloresdignissimosconsequatur.bmp?size=50x50&set=set1
45,kstayt18,e90ddd9c1e2a83fa8a60ebc67af8537a9ba3fe2902822b96bad4edd3aa311a42,https://robohash.org/eaetrecusandae.bmp?size=50x50&set=set1
46,oewbank19,ebeecac3a34468b0e05e3633ec6598bd939208df35782996d32d42f54fadc601,https://robohash.org/absintconsectetur.png?size=50x50&set=set1
47,sjewiss1a,fab4d5ec2f27277276c9a61eb3d3bcad13867c0b103e270d0f48ff578e30f4ed,https://robohash.org/aperiamutharum.png?size=50x50&set=set1
48,cbembridge1b,21e196c3ee557fb6d9d94e9951ad10d15ec2562f020dadec10b8a45659cebafe,https://robohash.org/facereiureomnis.png?size=50x50&set=set1
49,ccawdron1c,d7855eb9883f99d92dca71c6fd314ae3c28c4bbd73599b5ec34871ccaf999f50,https://robohash.org/doloreaccusantiumnon.png?size=50x50&set=set1
50,eharce1d,bb9f35cb03db2509f80b94f4907d4d051c63139f992e37d5c15231677a8639e8,https://robohash.org/fugadoloresrerum.bmp?size=50x50&set=set1
